"AA.start","AA.end","n","m","is.HS.site","lenght","Gene"
1097,1238,28,-0.988812872543008,TRUE,141,"CREBBP"
1280,1556,61,-0.952627562190372,TRUE,276,"CREBBP"
1656,1852,58,-0.900689655172414,TRUE,196,"CREBBP"
